"avg_fare","avg_trip","avg_charges"
"13.530545437186241","0.7656846293206179","3.443816429752717"
